"(재)중소기업연구원_중소기업연구원 중소기업정책연구정보",1,1,0,1,0,1,1,1,0,1,0,1,1,0,1,1,1,0
"강북구도시관리공단 셔틀버스 운행현황",2,2,0,2,2,0,2,1,1,2,2,0,2,2,0,2,2,0
"강북구도시관리공단 스포츠시설 현황",1,0,1,1,1,0,1,0,1,1,1,0,1,1,0,0,0,0
"강북구도시관리공단 일반열람실 현황조회",1,1,0,1,0,1,1,1,0,1,0,1,1,0,1,0,0,0
"강북구도시관리공단_강북문화정보도서관 소장자료정보",1,1,0,1,1,0,1,1,0,1,1,0,1,1,0,1,1,0
"건설근로자공제회_건설근로자 취업정보",1,0,1,1,0,1,1,0,1,1,0,1,1,0,1,0,0,0
"공공데이터활용지원센터_공공데이터포털목록조회서비스",3,3,0,3,0,3,3,3,0,3,0,3,3,0,3,0,0,0
"공공데이터활용지원센터_보건복지부 코로나19 감염 현황",1,1,0,1,1,0,1,1,0,1,1,0,1,1,0,0,0,0
"공공데이터활용지원센터_보건복지부 코로나19 시·도발생 현황",1,0,1,1,1,0,1,0,1,1,1,0,1,1,0,0,0,0
"공공데이터활용지원센터_보건복지부 코로나19 연령별·성별감염 현황",1,1,0,1,1,0,1,0,1,1,1,0,1,1,0,0,0,0
"공공데이터활용지원센터_보건복지부 코로나19해외발생 현황",1,1,0,1,1,0,1,0,1,1,1,0,1,1,0,0,0,0
"전국 어린이보호구역표준데이터",1,0,1,1,0,1,1,0,1,1,0,1,1,0,1,0,0,0
"전국GIS건물통합정보표준데이터",1,0,1,1,0,1,1,0,1,1,0,1,1,0,1,0,0,0
"전국가변전광표지판(안내전광판)표준데이터",1,0,1,1,0,1,1,0,1,1,0,1,1,0,1,0,0,0
"전국개별공시지가정보표준데이터",1,0,1,1,0,1,1,0,1,1,0,1,1,0,1,0,0,0
"전국개별주택가격정보표준데이터",1,0,1,1,0,1,1,0,1,1,0,1,1,0,1,0,0,0
"전국건축인허가기본정보표준데이터",1,0,1,1,0,1,1,0,1,1,0,1,1,0,1,0,0,0
"전국건축인허가대지위치표준데이터",1,0,1,1,0,1,1,0,1,1,0,1,1,0,1,0,0,0
"전국건축인허가전유공용면적표준데이터",1,0,1,1,0,1,1,0,1,1,0,1,1,0,1,0,0,0
"전국건축인허가주택유형표준데이터",1,0,1,1,0,1,1,0,1,1,0,1,1,0,1,0,0,0
"전국경로우대지정업소표준데이터",1,0,1,1,0,1,1,0,1,1,0,1,1,0,1,0,0,0
"전국과속방지턱표준데이터",1,0,1,1,0,1,1,0,1,1,0,1,1,0,1,0,0,0
"전국교량표준데이터",1,0,1,1,0,1,1,0,1,1,0,1,1,0,1,0,0,0
"전국교통사고다발지역표준데이터",1,0,1,1,0,1,1,0,1,1,0,1,1,0,1,0,0,0
"전국교통약자이동지원센터정보표준데이터",1,0,1,1,0,1,1,0,1,1,0,1,1,0,1,0,0,0
"전국노인장애인보호구역표준데이터",1,0,1,1,0,1,1,0,1,1,0,1,1,0,1,0,0,0
"전국농수축산물도매시장경락가격표준데이터",1,0,1,1,0,1,1,0,1,1,0,1,1,0,1,0,0,0
"전국농수축산물조사가격표준데이터",1,0,1,1,0,1,1,0,1,1,0,1,1,0,1,0,0,0
"전국대중교통환승센터표준데이터",1,0,1,1,0,1,1,0,1,1,0,1,1,0,1,0,0,0
"전국도로안내표지표준데이터",1,0,1,1,0,1,1,0,1,1,0,1,1,0,1,0,0,0
"전국도로안전표지표준데이터",1,0,1,1,0,1,1,0,1,1,0,1,1,0,1,0,0,0
"전국도로터널정보표준데이터",1,0,1,1,0,1,1,0,1,1,0,1,1,0,1,0,0,0
"전국동물보호센터정보표준데이터",1,0,1,1,0,1,1,0,1,1,0,1,1,0,1,0,0,0
"전국등산로표준데이터",1,0,1,1,0,1,1,0,1,1,0,1,1,0,1,0,0,0
"전국렌터카업체정보표준데이터",1,0,1,1,0,1,1,0,1,1,0,1,1,0,1,0,0,0
"전국로컬푸드인증정보표준데이터",1,0,1,1,0,1,1,0,1,1,0,1,1,0,1,0,0,0
"전국무인교통단속카메라표준데이터",1,0,1,1,0,1,1,0,1,1,0,1,1,0,1,0,0,0
"전국버스전용차로정보표준데이터",1,0,1,1,0,1,1,0,1,1,0,1,1,0,1,0,0,0
"전국법정구역(읍면동)정보표준데이터",1,0,1,1,0,1,1,0,1,1,0,1,1,0,1,0,0,0
"전국보행자우선도로표준데이터",1,0,1,1,0,1,1,0,1,1,0,1,1,0,1,0,0,0
"전국산불위험지역표준데이터",1,0,1,1,0,1,1,0,1,1,0,1,1,0,1,0,0,0
"전국산정보표준데이터",1,0,1,1,0,1,1,0,1,1,0,1,1,0,1,0,0,0
"전국생활쓰레기배출정보표준데이터",1,0,1,1,0,1,1,0,1,1,0,1,1,0,1,0,0,0
"전국소방용수시설표준데이터",1,0,1,1,0,1,1,0,1,1,0,1,1,0,1,0,0,0
"전국소방자동차전용구역표준데이터",1,0,1,1,0,1,1,0,1,1,0,1,1,0,1,0,0,0
"전국스마트가로등표준데이터",1,0,1,1,0,1,1,0,1,1,0,1,1,0,1,0,0,0
"전국시티투어정보표준데이터",1,0,1,1,0,1,1,0,1,1,0,1,1,0,1,0,0,0
"전국신호등표준데이터",1,0,1,1,0,1,1,0,1,1,0,1,1,0,1,0,0,0
"전국아동복지급식정보표준데이터",1,0,1,1,0,1,1,0,1,1,0,1,1,0,1,0,0,0
"전국안전비상벨위치표준데이터",1,0,1,1,0,1,1,0,1,1,0,1,1,0,1,0,0,0
"전국야생동물구조센터정보표준데이터",1,0,1,1,0,1,1,0,1,1,0,1,1,0,1,0,0,0
"전국어린이집표준데이터",1,0,1,1,0,1,1,0,1,1,0,1,1,0,1,0,0,0
"전국여성안심지킴이집표준데이터",1,0,1,1,0,1,1,0,1,1,0,1,1,0,1,0,0,0
"전국여성안심택배함표준데이터",1,0,1,1,0,1,1,0,1,1,0,1,1,0,1,0,0,0
"전국연속지적도형정보표준데이터",1,0,1,1,0,1,1,0,1,1,0,1,1,0,1,0,0,0
"전국음식물쓰레기납부필증가격정보표준데이터",1,0,1,1,0,1,1,0,1,1,0,1,1,0,1,0,0,0
"전국일방통행도로표준데이터",1,0,1,1,0,1,1,0,1,1,0,1,1,0,1,0,0,0
"전국자동차정비업체표준데이터",1,0,1,1,0,1,1,0,1,1,0,1,1,0,1,0,0,0
"전국전기차충전소표준데이터",1,0,1,1,0,1,1,0,1,1,0,1,1,0,1,0,0,0
"전국전동휠체어급속충전기표준데이터",1,0,1,1,0,1,1,0,1,1,0,1,1,0,1,0,0,0
"전국전통시장표준데이터",1,0,1,1,0,1,1,0,1,1,0,1,1,0,1,0,0,0
"전국졸음쉼터표준데이터",1,0,1,1,0,1,1,0,1,1,0,1,1,0,1,0,0,0
"전국종량제봉투가격표준데이터",1,0,1,1,0,1,1,0,1,1,0,1,1,0,1,0,0,0
"전국주요상권현황표준데이터",1,0,1,1,0,1,1,0,1,1,0,1,1,0,1,0,0,0
"전국주정차금지(지정)구역표준데이터",1,0,1,1,0,1,1,0,1,1,0,1,1,0,1,0,0,0
"전국지반침하정보표준데이터",1,0,1,1,0,1,1,0,1,1,0,1,1,0,1,0,0,0
"전국지진해일긴급대피장소표준데이터",1,0,1,1,0,1,1,0,1,1,0,1,1,0,1,0,0,0
"전국푸드트럭허가구역표준데이터",1,0,1,1,0,1,1,0,1,1,0,1,1,0,1,0,0,0
"전국횡단보도표준데이터",1,0,1,1,0,1,1,0,1,1,0,1,1,0,1,0,0,0
"전국휴게소정보표준데이터",1,0,1,1,0,1,1,0,1,1,0,1,1,0,1,0,0,0
"과학기술일자리진흥원_미래기술마당 사업화유망기술",1,1,0,1,0,1,1,1,0,1,0,1,1,0,1,0,0,0
"과학기술정보통신부 우정사업본부_EMS신청 조회 서비스",7,6,1,7,0,7,7,6,1,7,0,7,7,0,7,0,0,0
"과학기술정보통신부 우정사업본부_EMS행방조회 서비스",1,1,0,1,1,0,1,1,0,1,1,0,1,1,0,0,0,0
"과학기술정보통신부 우정사업본부_국내우편물 종적 조회 서비스",1,1,0,1,1,0,1,1,0,1,1,0,1,1,0,0,0,0
"과학기술정보통신부 우정사업본부_도로명주소조회서비스",1,1,0,1,1,0,1,1,0,1,1,0,1,1,0,0,0,0
"과학기술정보통신부 우정사업본부_도서 및 간행물 정보",1,1,0,1,0,1,1,1,0,1,0,1,1,0,1,0,0,0
"과학기술정보통신부 우정사업본부_영문우편번호조회서비스",8,8,0,8,8,0,8,8,0,8,8,0,8,8,0,0,0,0
"과학기술정보통신부 우정사업본부_우체국 배달점주소 조회 서비스",1,1,0,1,1,0,1,1,0,1,1,0,1,1,0,0,0,0
"과학기술정보통신부 우정사업본부_우체국 종적 조회",1,1,0,1,1,0,1,1,0,1,1,0,1,1,0,0,0,0
"과학기술정보통신부 우정사업본부_우체국금융 1회 보험료계산 정보",1,1,0,1,1,0,1,1,0,1,1,0,1,1,0,0,0,0
"과학기술정보통신부 우정사업본부_우체국금융 국내환요금 및 수수료 정보",1,1,0,1,0,1,1,1,0,1,0,1,1,0,1,0,0,0
"과학기술정보통신부 우정사업본부_우체국금융 보험공시이율 정보",1,1,0,1,1,0,1,1,0,1,1,0,1,1,0,0,0,0
"과학기술정보통신부 우정사업본부_우체국금융 보험상품정보",1,1,0,1,1,0,1,1,0,1,1,0,1,1,0,0,0,0
"과학기술정보통신부 우정사업본부_우체국금융 예금상품정보",1,1,0,1,1,0,1,1,0,1,1,0,1,1,0,0,0,0
"과학기술정보통신부 우정사업본부_우체국금융 제로페이 가맹점정보 조회 서비스",1,1,0,1,1,0,1,1,0,1,1,0,1,1,0,0,0,0
"과학기술정보통신부 우정사업본부_우체국금융 펀드상품정보 조회 서비스",1,1,0,1,0,1,1,1,0,1,0,1,1,0,1,0,0,0
"과학기술정보통신부 우정사업본부_우체국알뜰폰 단말기 조회 서비스",1,1,0,1,1,0,1,1,0,1,1,0,1,1,0,0,0,0
"과학기술정보통신부 우정사업본부_우체국알뜰폰 요금제 조회 서비스",1,1,0,1,1,0,1,1,0,1,1,0,1,1,0,0,0,0
"과학기술정보통신부 우정사업본부_우편번호 다운로드 서비스",1,1,0,1,1,0,1,1,0,1,1,0,1,1,0,1,1,0
"과학기술정보통신부 우정사업본부_우편번호 정보조회",1,1,0,1,1,0,1,1,0,1,1,0,1,1,0,0,0,0
"과학기술정보통신부 우정사업본부_우편접수용 우편번호조회",1,1,0,1,1,0,1,1,0,1,1,0,1,1,0,0,0,0
"과학기술정보통신부 우정사업본부_지번주소조회 서비스",6,6,0,6,6,0,6,6,0,6,6,0,6,6,0,6,6,0
"과학기술정보통신부 우정사업본부_집배구 구분코드 조회서비스",1,1,0,1,1,0,1,1,0,1,1,0,1,1,0,1,1,0
"과학기술정보통신부 우정사업본부_택배신청 조회 서비스",4,4,0,4,0,4,4,4,0,4,0,4,4,0,4,4,4,0
"과학기술정보통신부_우정사업본부_우체국보험 상품별 보장내용 정보",1,1,0,1,1,0,1,1,0,1,1,0,1,1,0,0,0,0
"과학기술정보통신부_우정사업본부_우체국보험 상품별 약관 정보",1,1,0,1,1,0,1,1,0,1,1,0,1,1,0,0,0,0
"과학기술정보통신부_우정사업본부_우체국보험 환급금대출 이자율정보",1,0,1,1,1,0,1,0,1,1,1,0,1,1,0,0,0,0
"과학기술정보통신부_우정사업본부_우체국체크카드상품정보",1,1,0,1,1,0,1,1,0,1,1,0,1,1,0,0,0,0
"광주과학기술원 위탁과제정보",1,1,0,1,1,0,1,1,0,1,1,0,1,1,0,0,0,0
"광주과학기술원 입찰 정보",1,1,0,1,1,0,1,1,0,1,1,0,1,1,0,0,0,0
"광주과학기술원 저널논문정보",1,1,0,1,1,0,1,1,0,1,1,0,1,1,0,0,0,0
"광주과학기술원 저서정보",1,1,0,1,1,0,1,1,0,1,1,0,1,1,0,0,0,0
"광주과학기술원 채용정보",1,1,0,1,1,0,1,1,0,1,1,0,1,1,0,0,0,0
"광주과학기술원 특허정보",1,1,0,1,1,0,1,1,0,1,1,0,1,1,0,0,0,0
"광주과학기술원 학술발표정보",1,1,0,1,1,0,1,1,0,1,1,0,1,1,0,0,0,0
"광주과학기술원 학위논문정보",1,1,0,1,1,0,1,1,0,1,1,0,1,1,0,0,0,0
"국토교통부 국토지리정보원_검색서비스",16,16,0,16,15,1,16,16,0,16,15,1,16,15,1,0,0,0
"국토교통부 국토지리정보원_지도서비스",4,3,1,4,0,4,4,3,1,4,0,4,4,0,4,4,4,0
"국토교통부 국토지리정보원_코드정보서비스",1,1,0,1,1,0,1,1,0,1,1,0,1,1,0,0,0,0
"국회 국회도서관_상세정보조회서비스",2,0,2,2,0,2,2,0,2,2,0,2,2,0,2,0,0,0
"국회 국회도서관_자료검색서비스",2,0,2,2,0,2,2,0,2,2,0,2,2,0,2,0,0,0
"국회 국회사무처_의사일정 정보",6,5,1,6,0,6,6,2,4,6,0,6,6,0,6,6,6,0
"국회 국회사무처_의안 정보",37,5,32,37,36,1,37,0,37,37,36,1,37,36,1,0,0,0
"국회 국회사무처_의원 정보",18,18,0,18,18,0,18,18,0,18,18,0,18,18,0,0,0,0
"국회 국회사무처_회의록 정보",8,7,1,8,8,0,8,6,2,8,8,0,8,8,0,8,8,0
"국회 국회입법조사처_발간물",13,10,3,13,13,0,13,10,3,13,13,0,13,13,0,13,13,0
"국회 국회입법조사처_의정지원",1,0,1,1,1,0,1,0,1,1,1,0,1,1,0,1,1,0
"국회 국회입법조사처_채용정보",2,2,0,2,2,0,2,2,0,2,2,0,2,2,0,0,0,0
"농림축산식품부 국립농산물품질관리원_농산물이력관리정보연계서비스",8,8,0,8,1,7,8,7,1,8,7,1,8,7,1,8,8,0
"농림축산식품부 국립농산물품질관리원_농산물이력관리정보조회서비스",9,9,0,9,9,0,9,8,1,9,9,0,9,9,0,9,9,0
"농림축산식품부 농림축산검역본부_동물등록 정보",1,0,1,1,1,0,1,0,1,1,1,0,1,1,0,0,0,0
"농림축산식품부 농림축산검역본부_동물보호관리시스템 유기동물 조회 서비스",5,5,0,5,5,0,5,5,0,5,5,0,5,5,0,5,5,0
"농림축산식품부 농림축산검역본부_동물보호센터 정보",1,1,0,1,1,0,1,1,0,1,1,0,1,1,0,0,0,0
"농림축산식품부 농림축산검역본부_반려동물 등록대행업체 조회 서비스",1,1,0,1,1,0,1,1,0,1,1,0,1,1,0,0,0,0
"농림축산식품부 농림축산검역본부_식물검역정보",4,4,0,4,3,1,4,4,0,4,3,1,4,3,1,0,0,0
"농촌진흥청 국립농업과학원_국가표준 식품성분 정보 제공",2,2,0,2,2,0,2,2,0,2,2,0,2,2,0,0,0,0
"농촌진흥청 국립농업과학원_농경지화학성 통계정보",7,7,0,7,7,0,7,7,0,7,7,0,7,7,0,0,0,0
"농촌진흥청 국립농업과학원_농식품 기능성 페놀산 성분정보 제공",2,2,0,2,1,1,2,2,0,2,1,1,2,1,1,0,0,0
"농촌진흥청 국립농업과학원_농식품 기능성성분  플라보노이드 성분 정보",2,2,0,2,2,0,2,2,0,2,2,0,2,2,0,0,0,0
"농촌진흥청 국립농업과학원_농식품 기능성소재 논문 정보제공",11,11,0,11,11,0,11,11,0,11,11,0,11,11,0,0,0,0
"농촌진흥청 국립농업과학원_농식품 식단관리 음식별 영양성분 정보",1,1,0,1,1,0,1,1,0,1,1,0,1,1,0,0,0,0
"농촌진흥청 국립농업과학원_농식품 식단관리 음식정보 제공",1,1,0,1,1,0,1,1,0,1,1,0,1,1,0,0,0,0
"농촌진흥청 국립농업과학원_농식품 식단관리(메뉴젠) 음식 및 이미지 정보",1,1,0,1,1,0,1,1,0,1,1,0,1,1,0,0,0,0
"농촌진흥청 국립농업과학원_농식품 식단관리(메뉴젠) 음식 및 재료 정보",1,1,0,1,1,0,1,1,0,1,1,0,1,1,0,0,0,0
"농촌진흥청 국립농업과학원_농식품 식단관리(메뉴젠) 음식 및 조리정보",1,1,0,1,1,0,1,1,0,1,1,0,1,1,0,0,0,0
"농촌진흥청 국립농업과학원_농식품 식단관리(메뉴젠) 음식 재료 및 이미지 정보",1,1,0,1,1,0,1,1,0,1,1,0,1,1,0,0,0,0
"농촌진흥청 국립농업과학원_농식품 식단관리(메뉴젠) 음식 재료 및 조리 정보",1,1,0,1,1,0,1,1,0,1,1,0,1,1,0,0,0,0
"농촌진흥청 국립농업과학원_농식품 식단관리(메뉴젠) 음식 재료 조리 및 이미지 정보",1,1,0,1,1,0,1,1,0,1,1,0,1,1,0,0,0,0
"농촌진흥청 국립농업과학원_농업기상 관측지점 상세정보",1,1,0,1,1,0,1,1,0,1,1,0,1,1,0,0,0,0
"농촌진흥청 국립농업과학원_농업기상 기본 관측데이터 조회",11,10,1,11,9,2,11,10,1,11,9,2,11,9,2,0,0,0
"농촌진흥청 국립농업과학원_농업기상 상세 관측데이터 조회",11,10,1,11,9,2,11,6,5,11,9,2,11,9,2,0,0,0
"농촌진흥청 국립농업과학원_농업유전자원 정보 제공",6,6,0,6,5,1,6,5,1,6,5,1,6,5,1,0,0,0
"농촌진흥청 국립농업과학원_비료사용처방 정보",1,1,0,1,1,0,1,1,0,1,1,0,1,1,0,0,0,0
"농촌진흥청 국립농업과학원_비료사용처방 체험 정보",2,2,0,2,2,0,2,2,0,2,2,0,2,2,0,0,0,0
"농촌진흥청 국립농업과학원_우리술 성분 정보",1,1,0,1,1,0,1,1,0,1,1,0,1,1,0,0,0,0
"농촌진흥청 국립농업과학원_작물별 비료 표준사용량 처방 정보",1,1,0,1,1,0,1,1,0,1,1,0,1,1,0,0,0,0
"농촌진흥청 국립농업과학원_토양검정 화학성 상세정보",2,2,0,2,2,0,2,2,0,2,2,0,2,2,0,0,0,0
"농촌진흥청 국립농업과학원_토양도 기반 작물별 토양적성 통계정보",1,1,0,1,1,0,1,1,0,1,1,0,1,1,0,0,0,0
"농촌진흥청 국립농업과학원_토양도 기반 토양특성 상세정보",1,1,0,1,1,0,1,1,0,1,1,0,1,1,0,0,0,0
"농촌진흥청 국립농업과학원_토양도 기반 토양특성 통계정보",30,30,0,30,30,0,30,30,0,30,30,0,30,30,0,0,0,0
"농촌진흥청 국립식량과학원_두류 작황 성적 정보 서비스",6,5,1,6,4,2,6,5,1,6,4,2,6,4,2,0,0,0
"농촌진흥청 국립식량과학원_맥류작황 성적정보 서비스",9,8,1,9,8,1,9,8,1,9,8,1,9,8,1,0,0,0
"농촌진흥청 국립식량과학원_벼 작황 성적 정보 서비스",11,11,0,11,10,1,11,11,0,11,10,1,11,10,1,0,0,0
"농촌진흥청 국립식량과학원_벼 품종 이미지 정보 서비스",2,2,0,2,2,0,2,2,0,2,2,0,2,2,0,2,2,0
"농촌진흥청 국립식량과학원_벼지적시험결과성적",1,0,1,1,1,0,1,0,1,1,1,0,1,1,0,0,0,0
"농촌진흥청 국립식량과학원_수시분양",1,0,1,1,0,1,1,0,1,1,0,1,1,0,1,0,0,0
"농촌진흥청 국립식량과학원_지적시험코드조회",1,0,1,1,1,0,1,0,1,1,1,0,1,1,0,0,0,0
"농촌진흥청 국립원예특작과학원_감귤생육품질정보",6,6,0,6,6,0,6,6,0,6,6,0,6,6,0,6,6,0
"농촌진흥청 국립원예특작과학원_공기정화식물 조회 서비스",2,1,1,2,2,0,2,1,1,2,2,0,2,2,0,2,2,0
"농촌진흥청 국립원예특작과학원_과수재배변동정보",6,6,0,6,0,6,6,6,0,6,0,6,6,0,6,0,0,0
"농촌진흥청 국립원예특작과학원_배 생육품질정보 조회 서비스",4,4,0,4,4,0,4,4,0,4,4,0,4,4,0,4,4,0
"농촌진흥청 국립원예특작과학원_버섯이미지 조회 서비스",1,1,0,1,1,0,1,1,0,1,1,0,1,1,0,1,1,0
"농촌진흥청 국립원예특작과학원_사과생육품질정보",1,1,0,1,1,0,1,1,0,1,1,0,1,1,0,0,0,0
"농촌진흥청 국립원예특작과학원_오늘의 꽃 조회 서비스(2.0)",3,3,0,3,3,0,3,3,0,3,3,0,3,3,0,3,3,0
"농촌진흥청 국립원예특작과학원_원예특용작물 요리 조회 서비스",2,2,0,2,2,0,2,2,0,2,2,0,2,2,0,2,2,0
"농촌진흥청 국립원예특작과학원_주요연구성과 조회 서비스",2,2,0,2,2,0,2,2,0,2,2,0,2,2,0,2,2,0
"농촌진흥청_국립원예특작과학원_원예특용작물 기술정보 조회 서비스",2,0,2,2,2,0,2,0,2,2,2,0,2,2,0,0,0,0
"농촌진흥청_국립원예특작과학원_인삼특작 추출물정보 조회 서비스",3,3,0,3,3,0,3,2,1,3,3,0,3,3,0,3,3,0
"문화체육관광부 국립국악원_국악자료정보",1,1,0,1,0,1,1,1,0,1,1,0,1,1,0,1,1,0
"문화체육관광부 국립민속박물관_지도로보는한국민속대백과사전서비스",2,2,0,2,1,1,2,2,0,2,1,1,2,1,1,0,0,0
"문화체육관광부 국립민속박물관_한국민속신앙사전서비스",8,8,0,8,8,0,8,8,0,8,8,0,8,8,0,0,0,0
"문화체육관광부 국립민속박물관_한국세시풍속사전서비스",8,8,0,8,7,1,8,8,0,8,7,1,8,7,1,0,0,0
"문화체육관광부 국립민속박물관_한국세시풍속사전영문서비스",5,5,0,5,5,0,5,5,0,5,5,0,5,5,0,5,5,0
"문화체육관광부 국립중앙박물관_전국 박물관 유물정보",3,2,1,3,3,0,3,2,1,3,3,0,3,3,0,0,0,0
"문화체육관광부 국립한글박물관_채용정보 조회 API 서비스",1,1,0,1,0,1,1,1,0,1,0,1,1,0,1,0,0,0
"문화체육관광부 한국예술종합학교_채용정보 조회",1,1,0,1,1,0,1,1,0,1,1,0,1,1,0,0,0,0
"문화체육관광부 한국정책방송원_E영상역사관 정보조회서비스",3,0,3,3,3,0,3,0,3,3,3,0,3,3,0,3,3,0
"문화체육관광부 한국정책방송원_KTV 영상정보 조회서비스",1,0,1,1,1,0,1,0,1,1,1,0,1,1,0,1,1,0
"문화체육관광부 한국정책방송원_게시글 서비스 정보",3,3,0,3,3,0,3,3,0,3,3,0,3,3,0,3,3,0
"산림청 국립산림과학원_목재소비추세 서비스",1,1,0,1,0,1,1,1,0,1,0,1,1,0,1,0,0,0
"산림청 국립산림과학원_산림과학도서관 서비스",5,5,0,5,5,0,5,5,0,5,5,0,5,5,0,5,5,0
"산림청 국립산림과학원_산림생명자원 정보",4,4,0,4,1,3,4,4,0,4,1,3,4,1,3,4,4,0
"산림청 국립산림과학원_산림생장정보서비스",3,3,0,3,3,0,3,3,0,3,3,0,3,3,0,0,0,0
"산림청 국립산림과학원_산림연구과제 및 성과 서비스",4,2,2,4,0,4,4,2,2,4,0,4,4,0,4,4,4,0
"산림청 국립산림과학원_산불위험예보정보 서비스",4,4,0,4,4,0,4,4,0,4,4,0,4,4,0,4,4,0
"산림청 국립산림과학원_산악 기상정보",1,1,0,1,1,0,1,1,0,1,1,0,1,1,0,0,0,0
"산림청 국립산림과학원_임업경제동향 서비스",2,2,0,2,2,0,2,2,0,2,2,0,2,2,0,0,0,0
"산림청 국립산림과학원_임업기술핸드북",6,6,0,6,1,5,6,6,0,6,1,5,6,1,5,6,6,0
"산림청 국립산림과학원_청정넷_그레이인프라",3,2,1,3,1,2,3,2,1,3,1,2,3,1,2,3,3,0
"산림청 국립산림과학원_청정넷_그린인프라",3,2,1,3,2,1,3,2,1,3,3,0,3,2,1,3,3,0
"산림청 국립산림과학원_청정넷_사용자가치",3,3,0,3,3,0,3,3,0,3,3,0,3,3,0,3,3,0
"산림청 국립산림과학원_청정넷_운영현황",3,3,0,3,3,0,3,3,0,3,3,0,3,3,0,3,3,0
"산림청 국립산림과학원_청정넷_유관기관 변환자료",1,1,0,1,1,0,1,1,0,1,1,0,1,1,0,0,0,0
"산림청 국립산림과학원_청정넷_측정데이터",1,1,0,1,0,1,1,0,1,1,0,1,1,0,1,0,0,0
"산림청 국립수목원_곤충자원 서비스",5,5,0,5,5,0,5,5,0,5,5,0,5,5,0,0,0,0
"산림청 국립수목원_국가표준곤충목록서비스",8,8,0,8,8,0,8,8,0,8,8,0,8,8,0,8,8,0
"산림청 국립수목원_국가표준버섯목록서비스",8,8,0,8,8,0,8,8,0,8,8,0,8,8,0,8,8,0
"산림청 국립수목원_국가표준식물목록 서비스",11,11,0,11,11,0,11,11,0,11,11,0,11,11,0,0,0,0
"산림청 국립수목원_국가표준지의류목록서비스",8,8,0,8,8,0,8,8,0,8,8,0,8,8,0,8,8,0
"산림청 국립수목원_기증자료서비스",2,2,0,2,2,0,2,2,0,2,2,0,2,2,0,2,2,0
"산림청 국립수목원_내구강자원서비스",4,4,0,4,4,0,4,4,0,4,4,0,4,4,0,4,4,0
"산림청 국립수목원_버섯자원서비스",2,2,0,2,2,0,2,2,0,2,2,0,2,2,0,2,2,0
"산림청 국립수목원_생물정보관서비스",3,3,0,3,3,0,3,3,0,3,3,0,3,3,0,0,0,0
"산림청 국립수목원_식물세밀화서비스",2,2,0,2,2,0,2,2,0,2,2,0,2,2,0,2,2,0
"산림청 국립수목원_식물자원 서비스",19,19,0,19,19,0,19,19,0,19,19,0,19,19,0,19,19,0
"산림청 국립수목원_어린이생물도감서비스",2,2,0,2,2,0,2,2,0,2,2,0,2,2,0,2,2,0
"산림청 국립수목원_조류자원서비스",4,4,0,4,4,0,4,4,0,4,4,0,4,4,0,4,4,0
"산림청 국립수목원_지의류자원 서비스",4,4,0,4,4,0,4,4,0,4,4,0,4,4,0,4,4,0
"산림청 국립수목원_포유류자원서비스",4,4,0,4,4,0,4,4,0,4,4,0,4,4,0,4,4,0
"산림청 국립수목원_한반도고표본서비스",1,1,0,1,1,0,1,1,0,1,1,0,1,1,0,1,1,0
"산업통상자원부 국가기술표준원_법정계량기 품질 관리 현황",2,2,0,2,2,0,2,2,0,2,2,0,2,2,0,0,0,0
"서울대학교 연구소 차세대융합기술연구원_경기도자율주행센터 CCTV 영상 이벤트 데이터",1,1,0,1,1,0,1,0,1,1,1,0,1,1,0,0,0,0
"서울특별시교육청 공공도서관 소장도서정보",1,1,0,1,0,1,1,1,0,1,0,1,1,0,1,0,0,0
"서울특별시교육청_평생학습강좌정보",1,1,0,1,0,1,1,1,0,1,0,1,1,0,1,0,0,0
"세종학당재단_세종학당재단_세종학당재단_채용API",1,0,1,1,0,1,1,0,1,1,0,1,1,0,1,0,0,0
"식품의약품안전처 식품의약품안전평가원_APEC규제조화센터현황",1,0,1,1,1,0,1,0,1,1,1,0,1,1,0,0,0,0
"식품의약품안전처 식품의약품안전평가원_관능검사해설서 사진정보",1,1,0,1,1,0,1,1,0,1,1,0,1,1,0,0,0,0
"식품의약품안전처 식품의약품안전평가원_관능검사해설서 정보",1,1,0,1,1,0,1,1,0,1,1,0,1,1,0,0,0,0
"식품의약품안전처 식품의약품안전평가원_국내공정서 생약정보",1,1,0,1,1,0,1,1,0,1,1,0,1,1,0,0,0,0
"식품의약품안전처 식품의약품안전평가원_기능성화장품 보고품목 정보",2,2,0,2,2,0,2,2,0,2,2,0,2,2,0,0,0,0
"식품의약품안전처 식품의약품안전평가원_기능성화장품 심사품목 정보",1,0,1,1,1,0,1,0,1,1,1,0,1,1,0,0,0,0
"식품의약품안전처 식품의약품안전평가원_생약 고성능박층크로마토그래프(HPTLC) 분석 사진정보",1,1,0,1,1,0,1,1,0,1,1,0,1,1,0,0,0,0
"식품의약품안전처 식품의약품안전평가원_생약 고성능박층크로마토그래프(HPTLC) 분석사례정보",1,1,0,1,1,0,1,1,0,1,1,0,1,1,0,0,0,0
"식품의약품안전처 식품의약품안전평가원_생약 과명 정보",1,1,0,1,1,0,1,1,0,1,1,0,1,1,0,0,0,0
"식품의약품안전처 식품의약품안전평가원_생약 구성성분 정보",1,1,0,1,1,0,1,1,0,1,1,0,1,1,0,0,0,0
"식품의약품안전처 식품의약품안전평가원_생약 분류군 정보",1,1,0,1,1,0,1,1,0,1,1,0,1,1,0,0,0,0
"식품의약품안전처 식품의약품안전평가원_생약 약재정보",1,1,0,1,1,0,1,1,0,1,1,0,1,1,0,0,0,0
"식품의약품안전처 식품의약품안전평가원_생약 종합정보",1,0,1,1,1,0,1,0,1,1,1,0,1,1,0,0,0,0
"식품의약품안전처 식품의약품안전평가원_식품의약품안전처 연구관리  과학기술표준분류 조회 서비스",1,1,0,1,1,0,1,1,0,1,1,0,1,1,0,0,0,0
"식품의약품안전처 식품의약품안전평가원_식품의약품안전처 연구관리 공통_도로명주소 조회 서비스",1,1,0,1,1,0,1,1,0,1,1,0,1,1,0,0,0,0
"식품의약품안전처 식품의약품안전평가원_식품의약품안전처 연구관리 공통_도로명코드 조회 서비스",1,1,0,1,1,0,1,1,0,1,1,0,1,1,0,0,0,0
"식품의약품안전처 식품의약품안전평가원_식품의약품안전처 연구관리 기본 계획 조회 서비스",1,1,0,1,1,0,1,1,0,1,1,0,1,1,0,0,0,0
"식품의약품안전처 식품의약품안전평가원_식품의약품안전처 연구관리 기술 실시 계약 조회 서비스",1,1,0,1,1,0,1,1,0,1,1,0,1,1,0,0,0,0
"식품의약품안전처 식품의약품안전평가원_식품의약품안전처 연구관리 기술 실시 첨부파일 조회 서비스",1,1,0,1,1,0,1,0,1,1,1,0,1,1,0,0,0,0
"식품의약품안전처 식품의약품안전평가원_식품의약품안전처 연구관리 기술료 사용 조회 서비스",1,1,0,1,1,0,1,0,1,1,1,0,1,1,0,0,0,0
"식품의약품안전처 식품의약품안전평가원_식품의약품안전처 연구관리 기술료 사용 첨부파일 조회 서비스",1,1,0,1,1,0,1,1,0,1,1,0,1,1,0,0,0,0
"식품의약품안전처 식품의약품안전평가원_식품의약품안전처 연구관리 기술료 징수 조회 서비스",1,1,0,1,1,0,1,0,1,1,1,0,1,1,0,0,0,0
"식품의약품안전처 식품의약품안전평가원_식품의약품안전처 연구관리 기술료 징수 첨부파일 조회 서비스",1,1,0,1,1,0,1,1,0,1,1,0,1,1,0,0,0,0
"식품의약품안전처 식품의약품안전평가원_식품의약품안전처 연구관리 녹색 기술 분야 조회 서비스",1,1,0,1,1,0,1,1,0,1,1,0,1,1,0,0,0,0
"식품의약품안전처 식품의약품안전평가원_식품의약품안전처 연구관리 단위사업 성과물 유형 조회 서비스",1,1,0,1,1,0,1,1,0,1,1,0,1,1,0,0,0,0
"식품의약품안전처 식품의약품안전평가원_식품의약품안전처 연구관리 단위사업 성과지표 조회 서비스",1,1,0,1,0,1,1,1,0,1,0,1,1,0,1,0,0,0
"식품의약품안전처 식품의약품안전평가원_식품의약품안전처 연구관리 등급 구간 조회 서비스",1,1,0,1,1,0,1,1,0,1,1,0,1,1,0,0,0,0
"식품의약품안전처 식품의약품안전평가원_식품의약품안전처 연구관리 등급 분배 조회 서비스",1,1,0,1,1,0,1,1,0,1,1,0,1,1,0,0,0,0
"식품의약품안전처 식품의약품안전평가원_식품의약품안전처 연구관리 민간 부담금 납부 조회 서비스",1,1,0,1,1,0,1,1,0,1,1,0,1,1,0,0,0,0
"식품의약품안전처 식품의약품안전평가원_식품의약품안전처 연구관리 민간 부담금 첨부파일 조회 서비스",1,1,0,1,1,0,1,1,0,1,1,0,1,1,0,0,0,0
"식품의약품안전처 식품의약품안전평가원_식품의약품안전처 연구관리 보유 기관 전담 인력 조회 서비스",1,1,0,1,1,0,1,1,0,1,1,0,1,1,0,0,0,0
"식품의약품안전처 식품의약품안전평가원_식품의약품안전처 연구관리 사업 공고 조회 서비스",1,1,0,1,1,0,1,1,0,1,1,0,1,1,0,0,0,0
"식품의약품안전처 식품의약품안전평가원_식품의약품안전처 연구관리 사업 체계 조회 서비스",1,1,0,1,1,0,1,1,0,1,1,0,1,1,0,0,0,0
"식품의약품안전처 식품의약품안전평가원_식품의약품안전처 연구관리 사업 체계 첨부파일 조회 서비스",1,1,0,1,1,0,1,1,0,1,1,0,1,1,0,0,0,0
"식품의약품안전처 식품의약품안전평가원_식품의약품안전처 연구관리 사전검토 종류 조회 서비스",1,1,0,1,1,0,1,1,0,1,1,0,1,1,0,0,0,0
"식품의약품안전처 식품의약품안전평가원_식품의약품안전처 연구관리 성과 항목 조회 서비스",1,1,0,1,1,0,1,1,0,1,1,0,1,1,0,0,0,0
"식품의약품안전처 식품의약품안전평가원_식품의약품안전처 연구관리 성과물 유형 조회 서비스",1,1,0,1,1,0,1,1,0,1,1,0,1,1,0,0,0,0
"식품의약품안전처 식품의약품안전평가원_식품의약품안전처 연구관리 성과지표 성과물 유형 조회 서비스",1,1,0,1,1,0,1,1,0,1,1,0,1,1,0,0,0,0
"식품의약품안전처 식품의약품안전평가원_식품의약품안전처 연구관리 성과지표 조회 서비스",1,1,0,1,1,0,1,1,0,1,1,0,1,1,0,0,0,0
"식품의약품안전처 식품의약품안전평가원_식품의약품안전처 연구관리 세부사업 성과목표 조회 서비스",1,1,0,1,1,0,1,1,0,1,1,0,1,1,0,0,0,0
"식품의약품안전처 식품의약품안전평가원_식품의약품안전처 연구관리 세부사업 성과지표 성과물 유형 조회 서비스",1,1,0,1,1,0,1,1,0,1,1,0,1,1,0,0,0,0
"식품의약품안전처 식품의약품안전평가원_식품의약품안전처 연구관리 세부사업 성과지표 조회 서비스",1,0,1,1,1,0,1,0,1,1,1,0,1,1,0,0,0,0
"식품의약품안전처 식품의약품안전평가원_식품의약품안전처 연구관리 수요 조사 참여부서 조회 서비스",1,1,0,1,1,0,1,1,0,1,1,0,1,1,0,0,0,0
"식품의약품안전처 식품의약품안전평가원_식품의약품안전처 연구관리 시설 장비 사용 정보 조회 서비스",1,1,0,1,1,0,1,1,0,1,1,0,1,1,0,0,0,0
"식품의약품안전처 식품의약품안전평가원_식품의약품안전처 연구관리 시설 장비 조회 서비스",1,1,0,1,1,0,1,1,0,1,1,0,1,1,0,0,0,0
"식품의약품안전처 식품의약품안전평가원_식품의약품안전처 연구관리 시험연구비 첨부파일 조회 서비스",1,1,0,1,0,1,1,1,0,1,0,1,1,0,1,0,0,0
"식품의약품안전처 식품의약품안전평가원_식품의약품안전처 연구관리 식약처_연구비_비목 코드 조회 서비스",1,1,0,1,1,0,1,1,0,1,1,0,1,1,0,0,0,0
"식품의약품안전처 식품의약품안전평가원_식품의약품안전처 연구관리 식품의약품안전처 기술 분류 정보조회 서비스",1,1,0,1,1,0,1,1,0,1,1,0,1,1,0,0,0,0
"식품의약품안전처 식품의약품안전평가원_식품의약품안전처 연구관리 연구 보고서 요약 조회 서비스",1,1,0,1,1,0,1,0,1,1,1,0,1,1,0,0,0,0
"식품의약품안전처 식품의약품안전평가원_식품의약품안전처 연구관리 연구 보고서 요약 첨부파일 조회 서비스",1,1,0,1,1,0,1,1,0,1,1,0,1,1,0,0,0,0
"식품의약품안전처 식품의약품안전평가원_식품의약품안전처 연구관리 연구 분야 기술 조회 서비스",1,0,1,1,1,0,1,0,1,1,1,0,1,1,0,0,0,0
"식품의약품안전처 식품의약품안전평가원_식품의약품안전처 연구관리 연구 시설 장비 표준 조회 서비스",1,1,0,1,1,0,1,1,0,1,1,0,1,1,0,0,0,0
"식품의약품안전처 식품의약품안전평가원_식품의약품안전처 연구관리 연구비 첨부파일 조회 서비스",1,1,0,1,1,0,1,1,0,1,1,0,1,1,0,0,0,0
"식품의약품안전처 식품의약품안전평가원_식품의약품안전처 연구관리 연도별 시행계획 조회 서비스",1,1,0,1,1,0,1,1,0,1,1,0,1,1,0,0,0,0
"식품의약품안전처 식품의약품안전평가원_식품의약품안전처 연구관리 위탁 정산기관 조회 서비스",1,1,0,1,1,0,1,1,0,1,1,0,1,1,0,0,0,0
"식품의약품안전처 식품의약품안전평가원_식품의약품안전처 연구관리 전문 위원회 자료 조회 서비스",1,1,0,1,1,0,1,0,1,1,1,0,1,1,0,0,0,0
"식품의약품안전처 식품의약품안전평가원_식품의약품안전처 연구관리 전문 위원회 조회 서비스",1,1,0,1,1,0,1,1,0,1,1,0,1,1,0,0,0,0
"식품의약품안전처 식품의약품안전평가원_식품의약품안전처 연구관리 전문기술분야코드 조회 서비스",1,1,0,1,1,0,1,1,0,1,1,0,1,1,0,0,0,0
"식품의약품안전처 식품의약품안전평가원_식품의약품안전처 연구관리 정산 결과 조회 서비스",1,1,0,1,1,0,1,1,0,1,1,0,1,1,0,0,0,0
"식품의약품안전처 식품의약품안전평가원_식품의약품안전처 연구관리 정산 계획 정산기관 조회 서비스",1,1,0,1,1,0,1,1,0,1,1,0,1,1,0,0,0,0
"식품의약품안전처 식품의약품안전평가원_식품의약품안전처 연구관리 정산 계획 조회 서비스",1,1,0,1,1,0,1,1,0,1,1,0,1,1,0,0,0,0
"식품의약품안전처 식품의약품안전평가원_식품의약품안전처 연구관리 제안과제 수행 참여 부서 이력 조회 서비스",1,1,0,1,1,0,1,1,0,1,1,0,1,1,0,0,0,0
"식품의약품안전처 식품의약품안전평가원_식품의약품안전처 연구관리 제안과제 수행 참여 부서 조회 서비스",1,1,0,1,1,0,1,1,0,1,1,0,1,1,0,0,0,0
"식품의약품안전처 식품의약품안전평가원_식품의약품안전처 연구관리 제외 조건 가중치 조회 서비스",1,1,0,1,0,1,1,1,0,1,0,1,1,0,1,0,0,0
"식품의약품안전처 식품의약품안전평가원_식품의약품안전처 연구관리 제외 조건 조회 서비스",1,1,0,1,1,0,1,1,0,1,1,0,1,1,0,0,0,0
"식품의약품안전처 식품의약품안전평가원_식품의약품안전처 연구관리 조달 계획 조회 서비스",1,1,0,1,1,0,1,1,0,1,1,0,1,1,0,0,0,0
"식품의약품안전처 식품의약품안전평가원_식품의약품안전처 연구관리 조달 계획 첨부파일 조회 서비스",1,1,0,1,1,0,1,1,0,1,1,0,1,1,0,0,0,0
"식품의약품안전처 식품의약품안전평가원_식품의약품안전처 연구관리 조직(기관) 조회 서비스",1,0,1,1,1,0,1,0,1,1,1,0,1,1,0,0,0,0
"식품의약품안전처 식품의약품안전평가원_식품의약품안전처 연구관리 조직코드 조회 서비스",1,1,0,1,1,0,1,1,0,1,1,0,1,1,0,0,0,0
"식품의약품안전처 식품의약품안전평가원_식품의약품안전처 연구관리 평가 등급 조회 서비스",1,1,0,1,1,0,1,1,0,1,1,0,1,1,0,0,0,0
"식품의약품안전처 식품의약품안전평가원_식품의약품안전처 연구관리 평가 문항 조회 서비스",1,1,0,1,1,0,1,1,0,1,1,0,1,1,0,0,0,0
"식품의약품안전처 식품의약품안전평가원_식품의약품안전처 연구관리 평가 서식 조회 서비스",1,1,0,1,1,0,1,0,1,1,1,0,1,1,0,0,0,0
"식품의약품안전처 식품의약품안전평가원_식품의약품안전처 연구관리 평가 수당 기본 지급율 조회 서비스",1,1,0,1,1,0,1,1,0,1,1,0,1,1,0,0,0,0
"식품의약품안전처 식품의약품안전평가원_식품의약품안전처 연구관리 평가 위원회 분과 조회 서비스",1,1,0,1,1,0,1,1,0,1,1,0,1,1,0,0,0,0
"식품의약품안전처 식품의약품안전평가원_식품의약품안전처 연구관리 평가 위원회 조회 서비스",1,1,0,1,1,0,1,1,0,1,1,0,1,1,0,0,0,0
"식품의약품안전처 식품의약품안전평가원_식품의약품안전처 연구관리 평가 항목 조회 서비스",1,1,0,1,1,0,1,1,0,1,1,0,1,1,0,0,0,0
"식품의약품안전처 식품의약품안전평가원_식품의약품안전처 연구관리 협약/계약 환경 조회 서비스",1,1,0,1,1,0,1,1,0,1,1,0,1,1,0,1,1,0
"식품의약품안전처 식품의약품안전평가원_식품의약품안전처 연구관리 회의록 첨부파일 조회 서비스",1,1,0,1,1,0,1,1,0,1,1,0,1,1,0,0,0,0
"식품의약품안전처 식품의약품안전평가원_연구관리 기관 조회서비스",1,1,0,1,1,0,1,1,0,1,1,0,1,1,0,0,0,0
"식품의약품안전처 식품의약품안전평가원_연구관리 수요 조사 일정 조회 서비스",1,1,0,1,1,0,1,1,0,1,1,0,1,1,0,0,0,0
"식품의약품안전처 식품의약품안전평가원_원료물질의 독성정보",1,0,1,1,1,0,1,0,1,1,1,0,1,1,0,0,0,0
"식품의약품안전처 식품의약품안전평가원_의약외품 제품 허가정보",1,0,1,1,1,0,1,0,1,1,1,0,1,1,0,0,0,0
"식품의약품안전처 식품의약품안전평가원_의약품 국가출하승인 정보",1,0,1,1,1,0,1,0,1,1,1,0,1,1,0,0,0,0
"식품의약품안전처 식품의약품안전평가원_의약품 등 업체허가현황",2,2,0,2,2,0,2,2,0,2,2,0,2,2,0,0,0,0
"식품의약품안전처 식품의약품안전평가원_의약품 제품 허가정보",3,3,0,3,3,0,3,3,0,3,3,0,3,3,0,3,3,0
"식품의약품안전처 식품의약품안전평가원_잔류화학물질정보",22,22,0,22,22,0,22,22,0,22,22,0,22,22,0,0,0,0
"식품의약품안전처 식품의약품안전평가원_지표성분 표준품 정보",1,1,0,1,1,0,1,1,0,1,1,0,1,1,0,0,0,0
"식품의약품안전처 식품의약품안전평가원_표준생약정보",1,1,0,1,1,0,1,1,0,1,1,0,1,1,0,0,0,0
"식품의약품안전처 식품의약품안전평가원_한국동물대체시험법검증센터 서비스",1,0,1,1,1,0,1,0,1,1,1,0,1,1,0,0,0,0
"식품의약품안전처 식품의약품안전평가원_한약재로 사용되는 멸종위기 동식물종 정보",1,1,0,1,1,0,1,1,0,1,1,0,1,1,0,0,0,0
"영상물등급위원회_비디오물 등급분류 목록",1,1,0,1,1,0,1,1,0,1,1,0,1,1,0,0,0,0
"영상물등급위원회_영화 등급분류 목록",1,1,0,1,1,0,1,1,0,1,1,0,1,1,0,0,0,0
"영상물등급위원회_외국인 국내 공연추천 목록",1,1,0,1,1,0,1,1,0,1,1,0,1,1,0,0,0,0
"재외동포재단_재외동포 단체정보 (경제단체)",1,1,0,1,1,0,1,1,0,1,1,0,1,1,0,0,0,0
"재외동포재단_재외동포 단체정보 (문화/예술)",1,1,0,1,1,0,1,1,0,1,1,0,1,1,0,0,0,0
"재외동포재단_재외동포 단체정보 (신문/방송/언론)",1,1,0,1,1,0,1,1,0,1,1,0,1,1,0,0,0,0
"재외동포재단_재외동포 단체정보 (한글학교)",1,1,0,1,1,0,1,1,0,1,1,0,1,1,0,0,0,0
"재외동포재단_재외동포 단체정보 (한인회)",1,1,0,1,1,0,1,1,0,1,1,0,1,1,0,0,0,0
"제주시 공공시설개방 정보",1,1,0,1,0,1,1,0,1,1,0,1,1,0,1,0,0,0
"제주특별자치도 제주시_비양도 도항선 운항정보",1,0,1,1,0,1,1,0,1,1,0,1,1,0,1,0,0,0
"주식회사공영홈쇼핑_공영쇼핑 편성정보 이벤트정보",2,1,1,2,2,0,2,1,1,2,2,0,2,2,0,0,0,0
"중소기업은행 ATM 정보조회",4,4,0,4,0,4,4,1,3,4,0,4,4,0,4,0,0,0
"중소기업은행_기업은행 월평균 환율 정보",2,2,0,2,0,2,2,1,1,2,0,2,2,0,2,0,0,0
"중소기업은행_영업점 정보조회",2,2,0,2,2,0,2,2,0,2,2,0,2,2,0,0,0,0
"중소기업은행_중소기업 전문 일자리 플랫폼 채용공고 통계현황",2,2,0,2,0,2,2,2,0,2,0,2,2,0,2,0,0,0
"중앙선거관리위원회 개표소정보",1,1,0,1,1,0,1,1,0,1,1,0,1,1,0,0,0,0
"중앙선거관리위원회 당선인정보",1,1,0,1,0,1,1,1,0,1,0,1,1,0,1,0,0,0
"중앙선거관리위원회 사전 및 선거일 투표소 정보",2,2,0,2,2,0,2,2,0,2,2,0,2,2,0,0,0,0
"중앙선거관리위원회 사전투표정보",1,1,0,1,1,0,1,1,0,1,1,0,1,1,0,1,1,0
"중앙선거관리위원회 선거공약정보",1,1,0,1,0,1,1,1,0,1,0,1,1,0,1,1,1,0
"중앙선거관리위원회 정당정책정보",1,1,0,1,1,0,1,0,1,1,1,0,1,1,0,0,0,0
"중앙선거관리위원회 코드정보",6,6,0,6,6,0,6,6,0,6,6,0,6,6,0,0,0,0
"중앙선거관리위원회 투·개표정보",2,2,0,2,2,0,2,2,0,2,2,0,2,2,0,0,0,0
"중앙선거관리위원회 후보자 정보",2,1,1,2,1,1,2,1,1,2,1,1,2,1,1,2,2,0
"한국과학기술연구원_기술이전 DB",1,0,1,1,1,0,1,0,1,1,1,0,1,1,0,0,0,0
"한국과학기술연구원_논문DB",3,0,3,3,3,0,3,0,3,3,3,0,3,3,0,0,0,0
"한국과학기술연구원_입찰정보조회서비스",2,0,2,2,2,0,2,0,2,2,2,0,2,2,0,0,0,0
"한국과학기술연구원_특허DB",2,0,2,2,2,0,2,0,2,2,2,0,2,2,0,0,0,0
"한국과학기술정보연구원_영문과학기술 저널 검색서비스",1,1,0,1,0,1,1,1,0,1,0,1,1,0,1,0,0,0
"한국대학교육협의회 대학정보공시 교원·연구 현황",22,22,0,22,22,0,22,20,2,22,22,0,22,22,0,22,22,0
"한국대학교육협의회 대학정보공시 교육여건 현황",12,12,0,12,12,0,12,12,0,12,12,0,12,12,0,12,12,0
"한국대학교육협의회 대학정보공시 대학 기본 정보",10,8,2,10,10,0,10,7,3,10,10,0,10,10,0,10,10,0
"한국대학교육협의회 대학정보공시 재정 현황",10,10,0,10,10,0,10,10,0,10,10,0,10,10,0,10,10,0
"한국대학교육협의회 대학정보공시 학생 현황",27,27,0,27,27,0,27,27,0,27,27,0,27,27,0,27,27,0
"한국문화관광연구원_관광산업통계서비스",2,2,0,2,2,0,2,2,0,2,2,0,2,2,0,2,2,0
"한국문화관광연구원_관광실태조사서비스",11,11,0,11,11,0,11,11,0,11,11,0,11,11,0,11,11,0
"한국문화관광연구원_관광자원통계서비스",1,1,0,1,1,0,1,1,0,1,1,0,1,1,0,0,0,0
"한국문화관광연구원_출입국관광통계서비스",5,5,0,5,5,0,5,5,0,5,5,0,5,5,0,5,5,0
"한국산업은행_기금대출 정보",1,1,0,1,1,0,1,1,0,1,1,0,1,1,0,0,0,0
"한국산업은행_산금채상품 정보",1,1,0,1,1,0,1,1,0,1,1,0,1,1,0,0,0,0
"한국산업은행_예금상품 정보",1,1,0,1,1,0,1,1,0,1,1,0,1,1,0,0,0,0
"한국산업은행_자동화기기수수료 정보",1,1,0,1,1,0,1,1,0,1,1,0,1,1,0,0,0,0
"한국산업은행_카드상품 정보",1,1,0,1,1,0,1,1,0,1,1,0,1,1,0,0,0,0
"한국산업은행_해외영업점 정보",1,1,0,1,1,0,1,1,0,1,1,0,1,1,0,0,0,0
"한국식품연구원_전통식품정보 서비스",9,9,0,9,8,1,9,2,7,9,8,1,9,8,1,0,0,0
"한국천문연구원_월령 정보",1,1,0,1,1,0,1,1,0,1,1,0,1,1,0,0,0,0
"한국천문연구원_음양력 정보",4,4,0,4,4,0,4,2,2,4,4,0,4,4,0,4,4,0
"한국천문연구원_천문현상 정보",1,1,0,1,1,0,1,1,0,1,1,0,1,1,0,0,0,0
"한국천문연구원_출몰시각 정보",2,2,0,2,2,0,2,1,1,2,2,0,2,2,0,0,0,0
"한국천문연구원_태양고도 정보",2,1,1,2,2,0,2,1,1,2,2,0,2,2,0,0,0,0
"한국천문연구원_특일 정보",5,0,5,5,5,0,5,0,5,5,5,0,5,5,0,0,0,0
"해양수산부 국립수산과학원_실시간어장정보",2,2,0,2,2,0,2,2,0,2,2,0,2,2,0,0,0,0
"해양수산부 국립수산과학원_연안정지관측정보",2,2,0,2,2,0,2,2,0,2,2,0,2,2,0,0,0,0
"해양수산부 국립수산과학원_위성해양영상정보",2,2,0,2,2,0,2,2,0,2,2,0,2,2,0,0,0,0
"해양수산부 국립수산과학원_적조정보",2,2,0,2,1,1,2,0,2,2,1,1,2,1,1,0,0,0
"해양수산부 국립수산과학원_정선해양관측정보",2,2,0,2,2,0,2,2,0,2,2,0,2,2,0,0,0,0
"해양수산부 국립수산과학원_해양생물종정보",1,1,0,1,1,0,1,0,1,1,1,0,1,1,0,0,0,0
"해양수산부 국립수산과학원_해파리정보",2,2,0,2,0,2,2,0,2,2,0,2,2,0,2,0,0,0
"해양수산부 국립수산물품질관리원_수산물이력 기본 정보제공 서비스",7,7,0,7,7,0,7,7,0,7,7,0,7,7,0,0,0,0
"해양수산부 국립수산물품질관리원_수산물이력 상세 정보제공 서비스",8,8,0,8,8,0,8,8,0,8,8,0,8,8,0,0,0,0
"해양수산부 국립해양조사원_항행경보 현황",1,1,0,1,1,0,1,1,0,1,1,0,1,1,0,1,1,0
"해양수산부 국립해양조사원_항행통보",1,1,0,1,1,0,1,0,1,1,1,0,1,1,0,0,0,0
"해양수산부 국립해양조사원_해상사격훈련구역",1,1,0,1,1,0,1,0,1,1,1,0,1,1,0,1,1,0
"해양수산부 국립해양조사원_해안선 통계 공표자료",1,0,1,1,1,0,1,0,1,1,1,0,1,1,0,0,0,0
"행정안전부 국가기록원_나라기록물정보 서비스",1,1,0,1,0,1,1,1,0,1,0,1,1,0,1,0,0,0
"한국지역정보개발원_경영성과 조회 서비스",1,1,0,1,0,1,1,1,0,1,0,1,1,0,1,0,0,0
"한국지역정보개발원_경영정보 조회 서비스",1,1,0,1,0,1,1,1,0,1,0,1,1,0,1,0,0,0
"한국지역정보개발원_금융부채 조회 서비스",1,1,0,1,0,1,1,1,0,1,0,1,1,0,1,0,0,0
"한국지역정보개발원_기관운영휴양시설 조회 서비스",1,1,0,1,1,0,1,1,0,1,1,0,1,1,0,0,0,0
"한국지역정보개발원_노동조합 협약정보 조회 서비스",1,1,0,1,1,0,1,1,0,1,1,0,1,1,0,0,0,0
"한국지역정보개발원_노동조합현황 조회 서비스",1,1,0,1,1,0,1,1,0,1,1,0,1,1,0,0,0,0
"한국지역정보개발원_복수노조 교섭단체 단일화정보 조회 서비스",1,1,0,1,1,0,1,1,0,1,1,0,1,1,0,0,0,0
"한국지역정보개발원_부채규모 조회 서비스",1,1,0,1,0,1,1,1,0,1,0,1,1,0,1,0,0,0
"한국지역정보개발원_사업보고서 조회 서비스",1,1,0,1,1,0,1,1,0,1,1,0,1,1,0,0,0,0
"한국지역정보개발원_상용정규직 평균임금 조회 서비스",1,1,0,1,0,1,1,1,0,1,0,1,1,0,1,0,0,0
"한국지역정보개발원_신규채용현황 조회 서비스",1,1,0,1,1,0,1,1,0,1,1,0,1,1,0,0,0,0
"한국지역정보개발원_신입사원 평균임금 조회 서비스",1,1,0,1,0,1,1,1,0,1,0,1,1,0,1,0,0,0
"한국지역정보개발원_연구보고서 조회 서비스",1,1,0,1,1,0,1,1,0,1,1,0,1,1,0,0,0,0
"한국지역정보개발원_예산결산 조회 서비스",1,1,0,1,1,0,1,1,0,1,1,0,1,1,0,0,0,0
"한국지역정보개발원_유연근무현황 조회 서비스",1,1,0,1,1,0,1,1,0,1,1,0,1,1,0,0,0,0
"한국지역정보개발원_이사회의사록 조회 서비스",1,1,0,1,1,0,1,1,0,1,1,0,1,1,0,0,0,0
"한국지역정보개발원_일반정규직 평균임금 조회 서비스",1,1,0,1,1,0,1,1,0,1,1,0,1,1,0,0,0,0
"한국지역정보개발원_임원연봉 조회 서비스",1,1,0,1,0,1,1,1,0,1,0,1,1,0,1,0,0,0
"한국지역정보개발원_입찰정보 조회 서비스",1,1,0,1,1,0,1,1,0,1,1,0,1,1,0,0,0,0
"한국지역정보개발원_정관 및 내규 조회 서비스",1,1,0,1,1,0,1,1,0,1,1,0,1,1,0,0,0,0
"한국지역정보개발원_주요사건/사고현황 조회 서비스",1,1,0,1,0,1,1,1,0,1,0,1,1,0,1,0,0,0
"한국지역정보개발원_주요소송현황 조회 서비스",1,1,0,1,1,0,1,1,0,1,1,0,1,1,0,0,0,0
"한국지역정보개발원_지방공기업 시도코드 조회 서비스",1,0,1,1,0,1,1,0,1,1,0,1,1,0,1,0,0,0
"한국지역정보개발원_직원평균임금총괄 조회 서비스",1,1,0,1,1,0,1,1,0,1,1,0,1,1,0,0,0,0
"한국지역정보개발원_타당성 검토보고서 조회 서비스",1,1,0,1,1,0,1,1,0,1,1,0,1,1,0,0,0,0
"행정안전부 한국지역정보개발원_(지방공기업)주요경영분석지표 조회 서비스",1,1,0,1,1,0,1,1,0,1,1,0,1,1,0,0,0,0
"행정안전부 한국지역정보개발원_고시 및 공고안내 조회 서비스",1,1,0,1,1,0,1,1,0,1,1,0,1,1,0,0,0,0
"헌법재판소_법령정보 서비스",1,0,1,1,0,1,1,0,1,1,0,1,1,0,1,0,0,0
"헌법재판소_사건정보 서비스",1,1,0,1,0,1,1,1,0,1,0,1,1,0,1,1,1,0
"헌법재판소_사건통계정보 서비스",7,7,0,7,0,7,7,7,0,7,0,7,7,0,7,7,7,0
"헌법재판소_최근 선고/변론사건 정보",1,0,1,1,0,1,1,0,1,1,0,1,1,0,1,0,0,0
"헌법재판소_판례검색",1,0,1,1,0,1,1,0,1,1,0,1,1,0,1,1,1,0
"헌법재판소_판례정보",1,0,1,1,0,1,1,0,1,1,0,1,1,0,1,0,0,0
"환경부 국립환경과학원_골프장 농약사용량 DB",1,1,0,1,0,1,1,1,0,1,0,1,1,0,1,0,0,0
"환경부 국립환경과학원_권역별 통계 서비스",1,0,1,1,1,0,1,0,1,1,1,0,1,1,0,0,0,0
"환경부 국립환경과학원_기타수질오염원 정보제공서비스",1,1,0,1,1,0,1,1,0,1,1,0,1,1,0,0,0,0
"환경부 국립환경과학원_나노물질 정보 조회",1,1,0,1,1,0,1,1,0,1,1,0,1,1,0,1,1,0
"환경부 국립환경과학원_매립계 정보제공서비스",1,1,0,1,1,0,1,1,0,1,1,0,1,1,0,0,0,0
"환경부 국립환경과학원_먹는샘물 수질검사결과 정보",1,0,1,1,1,0,1,0,1,1,1,0,1,1,0,0,0,0
"환경부 국립환경과학원_미세먼지(금속성분) 실시간 정보",1,1,0,1,1,0,1,0,1,1,1,0,1,1,0,1,1,0
"환경부 국립환경과학원_산업계 정보제공서비스",1,1,0,1,1,0,1,1,0,1,1,0,1,1,0,0,0,0
"환경부 국립환경과학원_생활계 물사용량 정보제공서비스",1,1,0,1,1,0,1,1,0,1,1,0,1,1,0,0,0,0
"환경부 국립환경과학원_생활계 인구현황 정보제공서비스",1,1,0,1,1,0,1,1,0,1,1,0,1,1,0,0,0,0
"환경부 국립환경과학원_수질 DB",1,0,1,1,1,0,1,0,1,1,1,0,1,1,0,0,0,0
"환경부 국립환경과학원_시군구 통계 서비스",1,0,1,1,1,0,1,0,1,1,1,0,1,1,0,0,0,0
"환경부 국립환경과학원_시도 통계 서비스",1,0,1,1,1,0,1,0,1,1,1,0,1,1,0,0,0,0
"환경부 국립환경과학원_양식계 정보제공서비스",1,1,0,1,1,0,1,1,0,1,1,0,1,1,0,0,0,0
"환경부 국립환경과학원_온실가스 검증기관 지정현황",1,1,0,1,1,0,1,1,0,1,1,0,1,1,0,1,1,0
"환경부 국립환경과학원_유역별 통계 서비스",1,0,1,1,1,0,1,0,1,1,1,0,1,1,0,0,0,0
"환경부 국립환경과학원_자동차 배출가스 및 소음인증 정보",1,1,0,1,1,0,1,1,0,1,1,0,1,1,0,0,0,0
"환경부 국립환경과학원_지하수수질측정망 운영결과 DB",1,1,0,1,1,0,1,1,0,1,1,0,1,1,0,1,1,0
"환경부 국립환경과학원_축산계 정보제공서비스",1,1,0,1,1,0,1,1,0,1,1,0,1,1,0,0,0,0
"환경부 국립환경과학원_토양측정망 운영결과 DB",1,1,0,1,1,0,1,0,1,1,1,0,1,1,0,0,0,0
"환경부 국립환경과학원_토지계 정보제공서비스",1,1,0,1,1,0,1,1,0,1,1,0,1,1,0,0,0,0
"환경부 국립환경과학원_하천별 통계 서비스",1,1,0,1,1,0,1,1,0,1,1,0,1,1,0,0,0,0
"환경부 국립환경과학원_환경기초시설 정보제공서비스",1,0,1,1,1,0,1,0,1,1,1,0,1,1,0,0,0,0
"환경부 국립환경과학원_환경시험검사기관 등록 지정 인정기관현황",1,1,0,1,1,0,1,1,0,1,1,0,1,1,0,1,1,0
